Title,Date Posted,Company Name,Company Website,City,Location,Reviews,Ratings,Job Type,Company Job link,Job link
NIGHTS Yard Person,2021-04-01 14:32:52.490184,Command,https://command.vincere.io,Peterborough,Peterborough,Command,,,https://command.vincere.io/careers/candidate/login/35724,https://uk.indeed.com/viewjob?jk=88609af6ae91a766&from=serp&vjs=3
CAMHS Practitioner,2021-04-01 14:33:01.310284,Cambridgeshire and Peterborough NHS Foundation Trust,https://www.cpft.nhs.uk,Peterborough,Peterborough PE3,25,2.6,,https://www.cpft.nhs.uk/latest-vacancies#!/job/UK/Cambridgeshire/Peterborough/Cambridgeshire_Peterborough_NHS_Foundation_Trust/CAMHS_Practitioner/CAMHS_Practitioner-v3056094?ref=Indeed&,https://uk.indeed.com/viewjob?jk=b9fa9659709995c9&from=serp&vjs=3
Trading Assistant,2021-04-01 14:33:11.897590,Sainsburys,https://sainsburys.taleo.net,Peterborough,Cambridgeshire,"9,370",3.7,,https://sainsburys.taleo.net/careersection/mhr_hourly_only/jobdetail.ftl?job=21000AKI&tz=GMT-05%3A00&tzname=America%2FChicago,https://uk.indeed.com/viewjob?jk=52c2509afbe2d76b&from=serp&vjs=3
Online Assistant,2021-04-01 14:33:15.243581,Sainsburys,https://sainsburys.taleo.net,Peterborough,Cambridgeshire,"9,370",3.7,,https://sainsburys.taleo.net/careersection/mhr_hourly_only/jobdetail.ftl?job=21000AXU&tz=GMT-05%3A00&tzname=America%2FChicago,https://uk.indeed.com/viewjob?jk=ad24ee76d46adba2&from=serp&vjs=3
Security Officer,2021-04-01 14:33:21.174614,Corps Security,https://www.jobtrain.co.uk,Peterborough,Huntingdon PE28,207,2.6,,https://www.jobtrain.co.uk/corpssecurity/displayjob.aspx?jobid=2590&source=JobtrainIndeed,https://uk.indeed.com/viewjob?jk=139850fb729b1fdc&from=serp&vjs=3
Customer Advisor,2021-04-01 14:33:24.132154,Sigma Financial Group Ltd,https://apply.staffingplatform.co.uk,Birmingham,Temporarily remote,51,3,,https://apply.staffingplatform.co.uk/vacancy/preview?id=44374&jbid=1043,https://uk.indeed.com/viewjob?jk=da50ee2d3da771c9&from=serp&vjs=3
Team Leader - Elliotts,2021-04-01 14:33:29.618412,Lifeways Group,https://jobs.lifeways.co.uk,Peterborough,Peterborough,"1,131",2.5,,https://jobs.lifeways.co.uk/vacancy/team-leader-elliotts-426377.html,https://uk.indeed.com/viewjob?jk=841b301385aeb178&from=serp&vjs=3
Care Coordinator,2021-04-01 14:33:36.180490,Helping Hands,https://careers.helpinghands.co.uk,Peterborough,Peterborough PE1,490,3.3,,https://careers.helpinghands.co.uk/e/careers/positions/cYquH0MMHn6Pf1Rdj9GG8S?source=Indeed,https://uk.indeed.com/viewjob?jk=f65f5c8ed916035c&from=serp&vjs=3
Online Assistant,2021-04-01 14:33:41.550619,Sainsburys,https://sainsburys.taleo.net,Birmingham,Redditch,"9,370",3.7,,https://sainsburys.taleo.net/careersection/mhr_hourly_only/jobdetail.ftl?job=21000ANO&tz=GMT-05%3A00&tzname=America%2FChicago,https://uk.indeed.com/viewjob?jk=30414f2fbe83ff41&from=serp&vjs=3
Customer Service Representative - Multilingual,2021-04-01 14:33:44.688774,Equiniti,https://equiniti.wd3.myworkdayjobs.com,Birmingham,Birmingham,107,3.1,,https://equiniti.wd3.myworkdayjobs.com/en-US/Opportunities/job/Birmingham---Kingsgate-House/Customer-Service-Representative---Multilingual_R2459?utm_source=Indeed&utm_medium=organic&utm_campaign=Indeed,https://uk.indeed.com/viewjob?jk=c2e346cd7e9273cf&from=serp&vjs=3
Social Value Coordinator,2021-04-01 14:33:48.006950,Kier Group,https://kier.referrals.selectminds.com,Birmingham,Birmingham,627,3.3,,https://kier.referrals.selectminds.com/jobs/social-value-coordinator-14603?Source=indeed,https://uk.indeed.com/viewjob?jk=d002b0268de3bcde&from=serp&vjs=3
Sales Assistant - 12 Week Temp,2021-04-01 14:33:52.406526,Dunelm,https://www.dunelmcareers.com,Birmingham,Walsall,838,3,,https://www.dunelmcareers.com/vacancies/15708/sales-assistant--12-week-temp.html?Source=indeed,https://uk.indeed.com/viewjob?jk=b4bab33d676d9cb2&from=serp&vjs=3
Assembly Operative,2021-04-01 14:33:58.478316,Binding Site,https://careers.bindingsite.com,Birmingham,Birmingham,4,3.8,,https://careers.bindingsite.com/VacancyInformation.aspx?VId=23675,https://uk.indeed.com/viewjob?jk=4463929098da788c&from=serp&vjs=3
Trading Assistant (Nightshift),2021-04-01 14:34:01.895058,Sainsburys,https://sainsburys.taleo.net,Birmingham,Coventry,"9,370",3.7,,https://sainsburys.taleo.net/careersection/mhr_hourly_only/jobdetail.ftl?job=21000AKD&tz=GMT-05%3A00&tzname=America%2FChicago,https://uk.indeed.com/viewjob?jk=493a9bd5b55677c5&from=serp&vjs=3
AML and Conflict Administrator,2021-04-01 14:34:07.924737,Gateley,https://fsr.cvmailuk.com,Birmingham,Birmingham,9,3.6,,https://fsr.cvmailuk.com/gateley/main.cfm?page=jobSpecific&jobId=53731&rcd=307086&queryString=groupType_93%3D%26groupType_73%3D%26groupType_33%3D%26groupType_113%3D%26srxksl%3D1&source=indeed&srxksl=1,https://uk.indeed.com/viewjob?jk=6efb28ea08b31590&from=serp&vjs=3
Software Support Agent,2021-04-01 14:34:12.564656,Natural Hr,https://www.naturalhr.net,Birmingham,Birmingham,Natural,,,https://www.naturalhr.net/hr/recruitment/job/86ca9614f641f951f27f9916e97f805d/16682,https://uk.indeed.com/viewjob?jk=69a3fa72d8db8647&from=serp&vjs=3
Education Support Administrator,2021-04-01 14:34:16.890205,University of Birmingham,https://bham.taleo.net,Birmingham,Birmingham,200,4,,https://bham.taleo.net/careersection/external/jobdetail.ftl?job=210000HH&tz=GMT-05%3A00&tzname=America%2FChicago,https://uk.indeed.com/viewjob?jk=2a3bf5fe051b500e&from=serp&vjs=3
WKH Careers Advisor & Work Coach,2021-04-01 14:34:27.246417,Go Train,https://gotrain.livevacancies.co.uk,Birmingham,Temporarily remote,48,2.5,,https://gotrain.livevacancies.co.uk/#!/page/Birmingham/WKH-Careers-Advisor-Work-Coach-109.html?source=Indeed,https://uk.indeed.com/viewjob?jk=a42ea5ef3fa5aa28&from=serp&vjs=3
"Customer Delivery Driver, Supermarket Assistant",2021-04-01 14:34:37.087781,John Lewis Partnership,https://www.jlpjobs.com,Guildford,Frimley GU16,"2,278",3.8,,https://www.jlpjobs.com/search-jobs/customer-delivery-driver-supermarket-assistant-18134/?utm_source=Indeed&utm_medium=organic&utm_campaign=Indeed,https://uk.indeed.com/viewjob?jk=a6648a36ba50ef2d&from=serp&vjs=3
PV Officer,2021-04-01 14:34:41.474724,PrimeVigilance,https://jobs.smartrecruiters.com,Guildford,Guildford,3,3,,https://jobs.smartrecruiters.com/Ergomed/743999740719880-pv-officer,https://uk.indeed.com/viewjob?jk=76f0a147bf3e7ea6&from=serp&vjs=3
Van Driver,2021-04-01 14:34:47.137731,Age UK,https://www.ageuk.org.uk,Birmingham,Kings Heath,"1,521",4.1,,https://www.ageuk.org.uk/about-us/jobs/current-vacancies/details/?jobId=11024&jobTitle=Van%20Driver&utm_source=Indeed&utm_medium=organic&utm_campaign=Indeed,https://uk.indeed.com/viewjob?jk=408cee4fd3de9076&from=serp&vjs=3
Administrator - HMP Coldingley,2021-04-01 14:34:52.120218,Central and North West London NHS Foundation Trust,https://www.cnwl.nhs.uk,Guildford,Bisley GU24,41,4,,https://www.cnwl.nhs.uk/work#!/job/UK/London/Bisley/Central_North_West_London_NHS_Foundation_Trust/Healthcare_Administration/Healthcare_Administration-v3056010?ref=Indeed&,https://uk.indeed.com/viewjob?jk=e0236c67eb6515cc&from=serp&vjs=3
ESR Administrator,2021-04-01 14:34:58.524847,Epson and St Helier University Hospitals,http://jobs.epsom-sthelier.nhs.uk,Guildford,Epsom,Epson,,,http://jobs.epsom-sthelier.nhs.uk/job/UK/Surrey/Epsom/Epsom_St_Helier_University_Hospitals_NHS_Trust/Workforce/Workforce-v3052876?_ts=748,https://uk.indeed.com/viewjob?jk=db1ec2c40131bd15&from=serp&vjs=3
Market Kitchen Colleague,2021-04-01 14:35:02.614350,WM Morrisons Supermarkets,https://apply.morrisons.jobs,Birmingham,Birmingham,"5,002",3.4,,https://apply.morrisons.jobs/vacancies/56128/market-kitchen-colleague.html,https://uk.indeed.com/viewjob?jk=17a0ea5efbc3d1f6&from=serp&vjs=3
Anti-Fraud Bribery and Corruption (AFBC) Risk Management Specialist,2021-04-01 14:35:06.741686,Deutsche Bank,https://www.db.com,Birmingham,Birmingham,"2,977",3.8,,https://www.db.com/careers/de/berufserfahrene/stellensuche/job_suchergebnisse_berufserfahrene.html?kid=global.generic.indeed.organic.jobad#JobOpeningId=13019,https://uk.indeed.com/viewjob?jk=3a4c9d4c686c1bc3&from=serp&vjs=3
Technical Administration Officer (Property Services),2021-04-01 14:35:15.090836,Woking Borough Council,https://ats-woking.jgp.co.uk,Guildford,Woking,13,3.7,,https://ats-woking.jgp.co.uk/vacancies/view/147114?ga_client_id=2cb37818-80f1-9c8d-be1e-c03e4f5bba6d,https://uk.indeed.com/viewjob?jk=1d4c999b943aaa4b&from=serp&vjs=3
ZARA HOME RICHMOND FULL TIME SALES ASSISTANTS FIXED TERM CONTRACTS,2021-04-01 14:35:26.422261,Inditex,https://www.inditexcareers.com,Guildford,Richmond upon Thames,97,4,,https://www.inditexcareers.com/portalweb/en/offer/-/view/GBZH00278527?utm_source=Indeed&utm_medium=organic&utm_campaign=Indeed,https://uk.indeed.com/viewjob?jk=e7092c2e3b07adb9&from=serp&vjs=3
Service Management Specialist,2021-04-01 14:35:31.609878,Allianz,https://careers.peopleclick.eu.com,Guildford,Guildford,"1,849",3.9,,https://careers.peopleclick.eu.com/careerscp/client_allianz/external/jobDetails.do?functionName=getJobDetail&jobPostId=20913&localeCode=en-us&utm_source=Indeed&utm_medium=organic&utm_campaign=Indeed,https://uk.indeed.com/viewjob?jk=9974a57d5c69a105&from=serp&vjs=3
Barista,2021-04-01 14:36:15.473033,Costa Coffee,https://costa.dayforcehcm.com,Guildford,Farnborough GU14,"2,412",3.6,,https://costa.dayforcehcm.com/CandidatePortal/en-GB/costa/Posting/View/13536?source=indeed&aid=18009,https://uk.indeed.com/viewjob?jk=732c42b059efb0bf&from=serp&vjs=3
ZARA HOME AND MASSIMO DUTTI KINGSTON SALES ASSISTANTS FIXED TERM CONTRACTS,2021-04-01 14:36:19.478361,Inditex,https://www.inditexcareers.com,Guildford,Kingston upon Thames,97,4,,https://www.inditexcareers.com/portalweb/en/offer/-/view/GBZH00278530?utm_source=Indeed&utm_medium=organic&utm_campaign=Indeed,https://uk.indeed.com/viewjob?jk=9f1a7ae178bfb787&from=serp&vjs=3
Business Support Officer,2021-04-01 14:36:31.201171,Star Academies,https://www.jobtrain.co.uk,Preston,Fulwood PR2,Star,,,https://www.jobtrain.co.uk/starcareers/displayjob.aspx?jobid=2114&source=JobtrainIndeed,https://uk.indeed.com/viewjob?jk=f332bcabb3df3f1d&from=serp&vjs=3
Member Services Officer,2021-04-01 14:36:34.662937,Lancashire Fire and Rescue,https://jobs.lancsfirerescue.org.uk,Preston,Preston PR2,4,3.5,,https://jobs.lancsfirerescue.org.uk/vacancy/107568,https://uk.indeed.com/viewjob?jk=a3c4acac1aad383b&from=serp&vjs=3
Research Assistant,2021-04-01 14:36:40.151465,University of Central Lancashire,https://recruitment.uclan.ac.uk,Preston,Preston,104,4.4,,https://recruitment.uclan.ac.uk/itrentlive_webrecruitment/wrd/run/ETREC107GF.open?VACANCY_ID%3d532338HKSM&WVID=7461800Yms&LANG=USA,https://uk.indeed.com/viewjob?jk=28f8b9b1c03e7484&from=serp&vjs=3
Projektör stationer,2021-04-01 14:36:45.120298,Sweco,https://www.sweco.se,Preston,Lancashire,42,3.7,,https://www.sweco.se/karriar/lediga-jobb/projektor-stationer-till-projekt-inom-kapacitet-stockholm---flexibel-stationeringsort/,https://uk.indeed.com/viewjob?jk=d904a8906f937860&from=serp&vjs=3
Purchase Ledger Clerk,2021-04-01 14:36:49.730532,John Lewis Partnership,https://www.jlpjobs.com,Preston,Darwen BB3,"2,017",4,,https://www.jlpjobs.com/search-jobs/purchase-ledger-clerk-18162/?utm_source=Indeed&utm_medium=organic&utm_campaign=Indeed,https://uk.indeed.com/viewjob?jk=fecbdd6427b747e6&from=serp&vjs=3
Tutor,2021-04-01 14:36:58.797971,Explore Learning,https://explore.groupgti.com,Preston,Preston PR1,151,3.7,,https://explore.groupgti.com/tutor-preston4/105/viewdetails,https://uk.indeed.com/viewjob?jk=c1f202cefa3f5871&from=serp&vjs=3
Income Assistant,2021-04-01 14:37:05.147550,Together Housing,https://togetherhousing.current-vacancies.com,Bradford,Halifax,33,2.7,,https://togetherhousing.current-vacancies.com/Jobs/Advert/2146760?cid=1535&s=False&t=Income-Assistant&l=Halifax-or-Colne,https://uk.indeed.com/viewjob?jk=ed9697e2403b55f7&from=serp&vjs=3
Department Supervisor,2021-04-01 14:37:11.252038,Halfords,https://careers.halfordscareers.com,Preston,Preston,"1,254",3.4,,https://careers.halfordscareers.com/cw/en/job/509538/department-supervisor?utm_source=Indeed&utm_medium=organic&utm_campaign=Indeed?source=IND,https://uk.indeed.com/viewjob?jk=7cc23e3602ac7ef5&from=serp&vjs=3
Catering Casual,2021-04-01 14:37:15.060538,Lancashire County Council,https://jobs.lancashire.gov.uk,Preston,Preston,244,3.9,,https://jobs.lancashire.gov.uk/jobs/catering-casual-8121,https://uk.indeed.com/viewjob?jk=3d52c42d0c5a8f48&from=serp&vjs=3
Recovery Coordinator,2021-04-01 14:37:29.091644,Change Grow Live,https://careers-changegrowlive.icims.com,Bradford,Huddersfield HD1,69,3.6,,https://careers-changegrowlive.icims.com/jobs/3535/job?utm_source=indeed_integration&iis=Job%20Board&iisn=Indeed&indeed-apply-token=73a2d2b2a8d6d5c0a62696875eaebd669103652d3f0c2cd5445d3e66b1592b0f,https://uk.indeed.com/viewjob?jk=36d53129c24785af&from=serp&vjs=3
Funeral Arranger - Part Time,2021-04-01 14:37:34.645200,Co-op Group,https://jobs.coop.co.uk,Preston,Preston PR2,"3,634",3.5,,https://jobs.coop.co.uk/job/-/-/22964/6272398160?src=JB-10072,https://uk.indeed.com/viewjob?jk=ee7d771bcf242a09&from=serp&vjs=3
cleaner,2021-04-01 14:37:38.270268,Mitie,https://jobs.smartrecruiters.com,Preston,Preston PR1,"1,358",3,,https://jobs.smartrecruiters.com/Mitie/743999740879934-cleaner,https://uk.indeed.com/viewjob?jk=226bb8c5858f8273&from=serp&vjs=3
Tactical Merchandiser - Bradford,2021-04-01 14:37:43.213004,Smiths News,https://apply.smithsnews.co.uk,Bradford,Bradford,55,3.8,,https://apply.smithsnews.co.uk/jobs/vacancy/tactical-merchandiser---bradford-4948/5964/description/?_channelid=26&_channelid=15,https://uk.indeed.com/viewjob?jk=61f98f3de56d36c1&from=serp&vjs=3
Deputy Registrar,2021-04-01 14:37:55.222617,Bradford Metropolitan District Council,https://bradford.engageats.co.uk,Bradford,Bradford,116,4.1,,https://bradford.engageats.co.uk/ViewVacancyV2.aspx?enc=IDP2UMgN4EfjHLASuriI8dVT6GMuoZYHNMqADwQwX0jU68p1ePkUT93Es7vM4anFGl6jBv20W5jMl+/3lCvDa59PyGjOD2z8Xf/Rd7gg61YvM4bqnkzbt+1SW3gg+sSF,https://uk.indeed.com/viewjob?jk=b1cb0a8514e4497d&from=serp&vjs=3
Apprentice Gardeners,2021-04-01 14:37:59.645897,Bradford Metropolitan District Council,https://bradford.engageats.co.uk,Bradford,Bradford,116,4.1,,https://bradford.engageats.co.uk/ViewVacancyV2.aspx?enc=IDP2UMgN4EfjHLASuriI8dVT6GMuoZYHNMqADwQwX0h6PAaoBJ1IuP9ThMZC7vHr7VIW0OyJ5nytg3qvb2m3xN9yXYMxeecBJWx0MupDPIijm/5GtquihuLKacQahfWw,https://uk.indeed.com/viewjob?jk=341483814626ab03&from=serp&vjs=3
Support Worker,2021-04-01 14:38:08.218875,Cygnet Health Care,https://apply.cygnethealth.co.uk,Bradford,Bradford,322,2.7,,https://apply.cygnethealth.co.uk/vacancies/15674/,https://uk.indeed.com/viewjob?jk=f4899dfa704b3c8b&from=serp&vjs=3
Radiology Assistant,2021-04-01 14:38:17.134793,Ramsay Health Care UK Operations Limited,https://www.atscloud.co.uk,Bradford,Bingley BD16,188,3.1,,https://www.atscloud.co.uk/ramsayhealthcare/displayjob.aspx?jobid=10225&source=JobtrainIndeed&source=JobtrainIndeed_organic,https://uk.indeed.com/viewjob?jk=a8e05e82373b8abd&from=serp&vjs=3
Cinema Host,2021-04-01 14:38:21.707696,ODEON,https://www.jobtrain.co.uk,Leeds,Huddersfield HD1,524,3.5,,https://www.jobtrain.co.uk/odeon5/displayjob.aspx?jobid=6275&source=JobtrainIndeed,https://uk.indeed.com/viewjob?jk=3a9a840c3e0b8220&from=serp&vjs=3
Room Attendant,2021-04-01 14:38:27.176953,Dakota Hotels Leeds,https://app.occupop.com,Leeds,Leeds,23,3.3,,https://app.occupop.com/shared/job/room-attendant-in9M/indeed,https://uk.indeed.com/viewjob?jk=988f05ff93ad8372&from=serp&vjs=3
Specialist Keyworker - Bradford,2021-04-01 14:38:30.262757,Affinity Trust,https://emea5-foc.lumessetalentlink.com,Bradford,Bradford,180,2.6,,https://emea5-foc.lumessetalentlink.com/tlk/pages/fo/advert/details.jsp?nPostingTargetId=12022&id=QMWFK026203F3VBQB68QW8M4U&LG=UK&languageSelect=UK&source=Indeed&sType=Indeed+Organic&utm_source=Indeed&utm_medium=organic&utm_campaign=Indeed,https://uk.indeed.com/viewjob?jk=c1646689d40fe8f1&from=serp&vjs=3
Bar Assistant,2021-04-01 14:38:39.364991,Dakota Hotels Leeds,https://app.occupop.com,Leeds,Leeds,23,3.3,,https://app.occupop.com/shared/job/bar-assistant-HZvS/indeed,https://uk.indeed.com/viewjob?jk=02987ff9f8f7021f&from=serp&vjs=3
Campus Internship: Digital Marketing Assistant,2021-04-01 14:38:41.744701,University of Leeds,https://jobs.leeds.ac.uk,Leeds,Leeds,215,4.3,,https://jobs.leeds.ac.uk/vacancy.aspx?ref=FDCOM1081,https://uk.indeed.com/viewjob?jk=fcf9f4428ecc8ab8&from=serp&vjs=3
Business Helpdesk Advisor,2021-04-01 14:38:48.956325,Solera,https://solera.wd5.myworkdayjobs.com,Leeds,Leeds,Solera,,,https://solera.wd5.myworkdayjobs.com/en-US/International_Career_Site/job/Leeds/Business-Helpdesk-Advisor---1st-Line_JR-007873-1?source=Indeed,https://uk.indeed.com/viewjob?jk=ef890a5c7f8301ef&from=serp&vjs=3
Grill Assistant,2021-04-01 14:38:53.361537,Dakota Hotels Leeds,https://app.occupop.com,Leeds,Leeds,23,3.3,,https://app.occupop.com/shared/job/grill-assistant-Eip7/indeed,https://uk.indeed.com/viewjob?jk=214e81e271f741a5&from=serp&vjs=3
Customer Service Specialist Part Time,2021-04-01 14:38:57.063135,Hargreaves Recruitment,https://jobboard-iframe-uk.intel-sw.com,Leeds,Leeds,Hargreaves,,,https://jobboard-iframe-uk.intel-sw.com/Hargreaves/catalog/jobs/107,https://uk.indeed.com/viewjob?jk=e0c10f82ad4aa1f4&from=serp&vjs=3
Security Supervisor (Nights) - COVID-19 Testing,2021-04-01 14:39:05.197303,Sodexo,https://www.sodexojobs.co.uk,Leeds,Leeds,"16,784",3.7,,https://www.sodexojobs.co.uk/jobs/job/Security-Supervisor-Nights-COVID19-Testing/63566?idOrigine=1814,https://uk.indeed.com/viewjob?jk=ad53dff8635d6be8&from=serp&vjs=3
Buying Administrator,2021-04-01 14:39:14.870489,Optimum Medical,https://optimummedical.postingpanda.uk,Leeds,Leeds LS2,Optimum,,,https://optimummedical.postingpanda.uk/job/154932?utm_source=indeed,https://uk.indeed.com/viewjob?jk=2f815ce5454a9088&from=serp&vjs=3
Claims Advisor,2021-04-01 14:39:20.120283,Marsh & McLennan Companies,https://careers.mmc.com,Leeds,Leeds LS1,928,3.7,,https://careers.mmc.com/global/en/job/R_121392/Claims-Advisor?utm_source=indeed&utm_medium=phenom-feeds&src=JB-12460,https://uk.indeed.com/viewjob?jk=4a22f619060fbbc8&from=serp&vjs=3
Community Associate/ Corporate Receptionist,2021-04-01 14:39:37.401113,Regus,https://careers.spacesworks.com,Leeds,Leeds,"1,057",3.3,,"https://careers.spacesworks.com/vacancy/community-associate--corporate-receptionist--10616-leeds/10634/description/?_channelid=430&Codes=430,Indeed",https://uk.indeed.com/viewjob?jk=a8645f1bae3bc39e&from=serp&vjs=3
Front of House Administrator,2021-04-01 14:39:39.734011,Berkshire Healthcare NHS Foundation Trust,http://jobs.berkshirehealthcare.nhs.uk,Reading,Slough SL2,28,3.6,,http://jobs.berkshirehealthcare.nhs.uk/job/-v3056732?ref=Indeed&set-locale=en-gb&_ts=1,https://uk.indeed.com/viewjob?jk=777b39a5fbaf2718&from=serp&vjs=3
Sales Consultant – Temporary,2021-04-01 14:39:44.099491,Next PLC,https://careers.next.co.uk,Leeds,Leeds,"3,871",3.4,,https://careers.next.co.uk/vacancies?utm_source=Indeed&utm_medium=organic&utm_campaign=Indeed#/Item?id=554936&utm_campaign=Feed&utm_source=Indeed&utm_medium=referral,https://uk.indeed.com/viewjob?jk=3511cbf30ee4ac94&from=serp&vjs=3
"Library Assistant, Central & Southern Group",2021-04-01 14:39:49.575030,Bracknell Forest Council,https://ats-bracknell.jgp.co.uk,Reading,Crowthorne,34,3.6,,https://ats-bracknell.jgp.co.uk/vacancies/view/147246?ga_client_id=2bd336fa-9dd0-772a-b24d-5674f92f59ac,https://uk.indeed.com/viewjob?jk=eec2de1ffc0927ba&from=serp&vjs=3
Despatcher NL,2021-04-01 14:40:00.418632,Thames Water Utilites,https://jobs.thameswater.co.uk,Reading,Reading RG2,90,3.5,,https://jobs.thameswater.co.uk/VacancyInformation.aspx?VId=25114&utm_source=Indeed&utm_medium=organic&utm_campaign=Indeed,https://uk.indeed.com/viewjob?jk=a3d90696ced1c282&from=serp&vjs=3
Driver/Warehouse Assistant,2021-04-01 14:40:04.115171,Hyperoptic,https://careers.hyperoptic.com,Reading,Reading,24,3,,https://careers.hyperoptic.com/jobs/vacancy/driver-warehouse-assistant-1479-reading/1493/description/,https://uk.indeed.com/viewjob?jk=706597cb0055ce5b&from=serp&vjs=3
Night Receptionist,2021-04-01 14:40:19.489075,Interstate Hotels & Resorts,https://careers.interstatehotels.co.uk,Reading,Reading,706,3.1,,https://careers.interstatehotels.co.uk/job-details.aspx?jobid=60976&source=Indeed,https://uk.indeed.com/viewjob?jk=97e71d095b5f66a1&from=serp&vjs=3
Custody Sergeant Transferee,2021-04-01 14:40:58.145844,Surrey Police,https://www.lumesse-engage.com,Brighton,Sussex,86,3.7,,https://www.lumesse-engage.com/policejobssurreyandsussex/jobs/custody-sergeant-transferee-sxp-cmpg00103-7,https://uk.indeed.com/viewjob?jk=f05e40fc9f55626c&from=serp&vjs=3
Assistant Stockperson,2021-04-01 14:41:07.573275,Royal Society of Wildlife Trusts,https://www.wildlifetrusts.org,Brighton,Lewes BN8,2,4,,https://www.wildlifetrusts.org/jobs/assistant-stockperson,https://uk.indeed.com/viewjob?jk=8feff652b2f785e7&from=serp&vjs=3
"Customer Delivery Driver, Supermarket Assistant",2021-04-01 14:41:24.505287,John Lewis Partnership,https://www.jlpjobs.com,Reading,Woodley RG5,"2,278",3.8,,https://www.jlpjobs.com/search-jobs/customer-delivery-driver-supermarket-assistant-18104/?utm_source=Indeed&utm_medium=organic&utm_campaign=Indeed,https://uk.indeed.com/viewjob?jk=0fa014ded217ffc7&from=serp&vjs=3
IKEA Reading- Customer Relations Team Leader (39 hours),2021-04-01 14:41:43.711336,IKEA,https://en-global-jobs.about.ikea.com,Reading,Reading,"8,497",3.9,,https://en-global-jobs.about.ikea.com/job/reading/ikea-reading-customer-relations-team-leader-39-hours/22908/6292939792?source=Indeed,https://uk.indeed.com/viewjob?jk=0bfab79f3af03dd6&from=serp&vjs=3
Service Improvement Lead,2021-04-01 14:41:45.968329,Sussex Partnership NHS FoundationTrust,http://jobs.sussexpartnership.nhs.uk,Brighton,Brighton BN1,48,3.6,,http://jobs.sussexpartnership.nhs.uk/job/UK/West_Sussex/Brighton/Sussex_Partnership_NHS_FoundationTrust/Operational_Manager/Operational_Manager-v3040453?ref=Indeed&set-locale=en-gb&_ts=1,https://uk.indeed.com/viewjob?jk=db1c689035541780&from=serp&vjs=3
Financial Responsibility Officer,2021-04-01 14:41:49.298747,Abri Group,https://www.jobtrain.co.uk,Brighton,South East,Abri,,,https://www.jobtrain.co.uk/radian5/displayjob.aspx?jobid=3634&source=JobtrainIndeed,https://uk.indeed.com/viewjob?jk=52a8376d8de8fdb1&from=serp&vjs=3
Police Constable Transferee - Response,2021-04-01 14:41:53.070487,Surrey Police,https://www.lumesse-engage.com,Brighton,Sussex,86,3.7,,https://www.lumesse-engage.com/policejobssurreyandsussex/jobs/police-constable-transferee-response-sxp-cmpg00075-10,https://uk.indeed.com/viewjob?jk=7c0dd92cfa5f7d32&from=serp&vjs=3
Customer Service Representative,2021-04-01 14:41:58.652892,AIG,https://aig.wd1.myworkdayjobs.com,Brighton,Shoreham by Sea,"3,918",3.7,,https://aig.wd1.myworkdayjobs.com/en-US/aig/job/Shoreham-by-Sea/Customer-Service-Representative_JR2101623-1?source=APPLICANT_SOURCE_Indeed,https://uk.indeed.com/viewjob?jk=a718585a5d759025&from=serp&vjs=3
Receptionist,2021-04-01 14:42:10.280638,Tate,https://www.tate.co.uk,Brighton,Brighton BN1,37,3.5,,https://www.tate.co.uk/static/500error.html?c=500,https://uk.indeed.com/viewjob?jk=cc0acc4b5a8d4fca&from=serp&vjs=3
Night Porter,2021-04-01 14:42:19.511451,Malmaison - Hotel du Vin,https://jobs.malhdv.co.uk,Brighton,Brighton,94,3,,https://jobs.malhdv.co.uk/vacancies/7832/night-porter-hotel-du-vin.html?extapp=true&Source=indeed,https://uk.indeed.com/viewjob?jk=a4141239c264e86f&from=serp&vjs=3
Test Operator,2021-04-01 14:42:24.132724,Cox,https://www.coxmarine.com,Brighton,Shoreham by Sea,84,3.9,,https://www.coxmarine.com/test-operator-2/,https://uk.indeed.com/viewjob?jk=e0bb3b0d344d4859&from=serp&vjs=3
Project Administrator - Part Time,2021-04-01 14:42:34.482955,Morson International,https://www.morson.com,Leicester,Remote,148,3.8,,https://www.morson.com/job/project-administrator-part-time?utm_source=Indeed&utm_medium=organic&utm_campaign=Indeed,https://uk.indeed.com/viewjob?jk=5af83ae8a204573e&from=serp&vjs=3
Administrator,2021-04-01 14:42:38.177339,Tate,https://www.tate.co.uk,Brighton,Brighton BN1,37,3.5,,https://www.tate.co.uk/static/500error.html?c=500,https://uk.indeed.com/viewjob?jk=6062228166460c31&from=serp&vjs=3
Sales Progressor,2021-04-01 14:42:42.043346,Arun Estate,https://www.cubittandwest.co.uk,Brighton,Brighton,Arun,,,https://www.cubittandwest.co.uk/careers/latest-vacancies/admin-and-support/sales-progressor--worthing-/-horsham-/-brighton-area-10997/?SourceCode=ID&utm_source=Indeed&utm_medium=organic&utm_campaign=Indeed,https://uk.indeed.com/viewjob?jk=01e00856c532964d&from=serp&vjs=3
Branch Merchandise Administrator,2021-04-01 14:42:48.498488,The Watches of Switzerland Group,https://ukcareers.thewosgroup.com,Leicester,Braunstone,37,3.5,,https://ukcareers.thewosgroup.com/jobs/vacancy/branch-merchandise-administrator--3768/3786/description/,https://uk.indeed.com/viewjob?jk=c6ea18d7692939ff&from=serp&vjs=3
Security Officer,2021-04-01 14:42:57.677440,Corps Security,https://www.jobtrain.co.uk,Leicester,Leicester LE19,207,2.6,,https://www.jobtrain.co.uk/corpssecurity/displayjob.aspx?jobid=2583&source=JobtrainIndeed,https://uk.indeed.com/viewjob?jk=00bab16dbf2e6f8c&from=serp&vjs=3
Manufacturing - Sewing Machinist,2021-04-01 14:43:11.468550,Dunelm,https://www.dunelmcareers.com,Leicester,Leicester,838,3,,https://www.dunelmcareers.com/vacancies/15755/manufacturing--sewing-machinist.html?Source=indeed,https://uk.indeed.com/viewjob?jk=ac973bfa6455fcd2&from=serp&vjs=3
Customer Service Representative,2021-04-01 14:44:24.574577,B Braun Medical Ltd,https://www.networxrecruitment.com,Sheffield,Sheffield S35,922,3.9,,https://www.networxrecruitment.com/Jobs/Feed?key=wt7Da%2bHrEEZw7nuJZ2jX8O6U7jVNB0%2bOBTgO3yJKJu8%3d,https://uk.indeed.com/viewjob?jk=47649fc61c00fef0&from=serp&vjs=3
Retail Sales Assistant - Leicester,2021-04-01 14:44:30.407664,Majestic Wine Warehouses Ltd.,https://majesticcareers.co.uk,Leicester,Leicester,55,3.6,,https://majesticcareers.co.uk/vacancies/7529/,https://uk.indeed.com/viewjob?jk=5cadeaf0717245f5&from=serp&vjs=3
ZARA DERBY FULL TIME SALES ASSISTANTS FIXED TERM CONTRACTS,2021-04-01 14:44:41.992164,Inditex,https://www.inditexcareers.com,Leicester,Derby,"6,127",3.8,,https://www.inditexcareers.com/portalweb/en/offer/-/view/GBZA00278621?utm_source=Indeed&utm_medium=organic&utm_campaign=Indeed,https://uk.indeed.com/viewjob?jk=8f3b05fbb1aff494&from=serp&vjs=3
Cervical Facilitator - Self-sampling,2021-04-01 14:44:49.175051,Public Health England,https://www.healthjobsuk.com,Sheffield,Sheffield S3,81,3.6,,https://www.healthjobsuk.com/job/UK/London/Sheffield/Public_Health_England/Health_Improvement/Health_Improvement-v3051944?ref=Indeed&set-locale=en-gb&_ts=1,https://uk.indeed.com/viewjob?jk=2c1cfb2172c9d872&from=serp&vjs=3
Patient Advisor,2021-04-01 14:45:07.677224,Optical Express Group,https://www.opticalexpresscareers.co.uk,Sheffield,Meadowhall,122,2.7,,https://www.opticalexpresscareers.co.uk/job/patient-advisor-54/?mode=job&iis=Indeed&iisn=Indeed.com,https://uk.indeed.com/viewjob?jk=2926c08cfd4c292f&from=serp&vjs=3
Data Protection Assistant,2021-04-01 14:45:19.135552,University of Sheffield,https://jobs.shef.ac.uk,Sheffield,Sheffield,106,4.4,,https://jobs.shef.ac.uk/sap/bc/webdynpro/sap/hrrcf_a_posting_apply?param=cG9zdF9pbnN0X2d1aWQ9NjA2NEEzOEYzNDQwMUI0NUUxMDAwMDAwQUMxRTg4NzgmY2FuZF90eXBlPUVYVA%3d%3d&sap-wd-configId=ZHRRCF_A_POSTING_APPLY&sap-client=400&utm_source=Indeed&utm_medium=organic&utm_campaign=Indeed&sap-ep-themeroot=%2fSAP%2fPUBLIC%2fBC%2fUR%2fuos&sap-accessibility=X&params=cG9zdF9pbnN0X2d1aWQ9NjA2NEEzOEYzNDQwMUI0NUUxMDAwMDAwQUMxRTg4Nzg%3d,https://uk.indeed.com/viewjob?jk=4557592f7485bbbd&from=serp&vjs=3
Waiter,2021-04-01 14:45:25.261576,Individual Restaurants,https://individualrestaurants.postingpanda.uk,Sheffield,Sheffield S1,12,3.8,,https://individualrestaurants.postingpanda.uk/job/154820?utm_source=indeed,https://uk.indeed.com/viewjob?jk=2a6ef46167f3d199&from=serp&vjs=3
Customer Service Advisor,2021-04-01 14:45:40.567508,XLN Business Services,https://www.xln.co.uk,Sheffield,Sheffield,86,2.9,,https://www.xln.co.uk/jobs/vacancies/job?id=154970&loc=sheffield&/jbindo01,https://uk.indeed.com/viewjob?jk=64a3d767bc72c03f&from=serp&vjs=3
Experienced & Qualified Pharmacy Dispenser,2021-04-01 14:46:00.670701,Jhoots Pharmacy,http://www.jhootspharmacy.co.uk,Basingstoke,Basingstoke RG21,Jhoots,,,http://www.jhootspharmacy.co.uk/experienced-and-qualified-pharmacy-dispenser_vacancy_2120.htm,https://uk.indeed.com/viewjob?jk=18f21a3bb0bdcddb&from=serp&vjs=3
Junior Buyer,2021-04-01 14:46:07.865361,Abri Group,https://www.jobtrain.co.uk,Basingstoke,Eastleigh SO50,Abri,,,https://www.jobtrain.co.uk/radian5/displayjob.aspx?jobid=3637&source=JobtrainIndeed,https://uk.indeed.com/viewjob?jk=1619b3e01593adec&from=serp&vjs=3
Store Assistant (Fixed Term),2021-04-01 14:46:10.571671,Aldi,https://aldi.vacancy-filler.co.uk,Sheffield,Ecclesfield,"7,736",3.4,,https://aldi.vacancy-filler.co.uk/Candidate/AdvertDetails/Iew8oed1x3hUSPDNijXkLVHYN4QdXcifBTox2JF4k3c?utm_campaign=tmp&utm_medium=organic&utm_source=indeed.com,https://uk.indeed.com/viewjob?jk=355ac0e374eff362&from=serp&vjs=3
"Trainee Enforcement Agent - Hampshire - OTE £40,000 - £70,000",2021-04-01 14:46:17.849394,Bristow & Sutor | Credit Style | Debt Recovery Plus,https://cezanneondemand.intervieweb.it:443,Basingstoke,Basingstoke RG24,Bristow,,,https://cezanneondemand.intervieweb.it:443/annunci.php?l=trainee_enforcement_agent__hampshire__ote_40000__70000_13331&lang=en&d=indeed&LAC=bristowsutor,https://uk.indeed.com/viewjob?jk=20f28c9e11ba9adc&from=serp&vjs=3
Nandos Cashier PT,2021-04-01 14:46:21.165139,Nandos,https://nandos.wd3.myworkdayjobs.com,Sheffield,Sheffield S1,"2,593",4,,https://nandos.wd3.myworkdayjobs.com/en-US/Nandos/job/Nandos-Sheffield---West-Street---West-St-Sheffield-S1-4EZ/Nandos-Cashier-PT_R0000003396,https://uk.indeed.com/viewjob?jk=adbffaaebb1ac9b0&from=serp&vjs=3
Learning Support Assistant,2021-04-01 14:46:39.155828,Priory Group,https://jobs.priorygroup.com,Basingstoke,Basingstoke,721,2.4,,https://jobs.priorygroup.com/vacancies/47319.20210331/,https://uk.indeed.com/viewjob?jk=9f985933e7997f24&from=serp&vjs=3
Production Operative,2021-04-01 14:46:50.262096,Adecco,https://www.adecco.co.uk,Basingstoke,Basingstoke,"17,790",3.8,,https://www.adecco.co.uk/Job/production-operative-basingstoke-industrial-manufacturing-and-production-contractor-broadbean762831617200639?ID=f4620390-2d3c-409b-bcfb-cbe239e85b8a&utm_campaign=indeed_organic&utm_source=Indeed+Organic&Source=20&utm_medium=CPC&utm_channel=Indeedl,https://uk.indeed.com/viewjob?jk=c0046aa3b1b39482&from=serp&vjs=3
Optical Assistant (Retail) - Part Time,2021-04-01 14:46:55.258004,Vision Express,https://careers.peopleclick.eu.com,Basingstoke,Basingstoke,313,3.2,,https://careers.peopleclick.eu.com/careerscp/client_visionexpress/external/search/careerscp/client_visionexpress/external/jobDetails/jobDetail.html?jobPostId=51886&localeCode=en-us&source=Indeed.com&sourceType=PREMIUM_POST_SITE,https://uk.indeed.com/viewjob?jk=90cefe8cc0b4d876&from=serp&vjs=3
919-LO-3055296-EXT Customer Services Administrator,2021-04-01 14:47:00.010213,Civil Service,https://www.civilservicejobs.service.gov.uk,Basingstoke,Didcot OX11,81,3.6,,https://www.civilservicejobs.service.gov.uk/csr/index.cgi?SID=cGFnZWFjdGlvbj12aWV3dmFjYnlqb2JsaXN0JmpvYmxpc3Rfdmlld192YWM9MTcxNDc3OCZvd25lcnR5cGU9ZmFpciZjc291cmNlPWNzcXNlYXJjaCZzZWFyY2hfc2xpY2VfY3VycmVudD00JnVzZXJzZWFyY2hjb250ZXh0PTEyNDM5MDU5NyZvd25lcj01MDcwMDAwJnBhZ2VjbGFzcz1Kb2JzJnJlcXNpZz0xNjE3MjU2NzM4LTE1OTYxNGViZDZmNzEwYjhiYmJiOWIyNTg5Y2RiODI1MTRjNWU4YWE=&utm_source=Indeed&utm_medium=organic&utm_campaign=Indeed,https://uk.indeed.com/viewjob?jk=4d72c9ba9a9950d8&from=serp&vjs=3
Trading Assistant - Local,2021-04-01 14:47:06.331954,Sainsburys,https://sainsburys.taleo.net,Basingstoke,Yateley,"9,370",3.7,,https://sainsburys.taleo.net/careersection/mhr_hourly_only/jobdetail.ftl?job=21000AK7&tz=GMT-05%3A00&tzname=America%2FChicago,https://uk.indeed.com/viewjob?jk=ee8fbb3a6093c48c&from=serp&vjs=3
Personal assistant,2021-04-01 14:47:13.569324,Tate,https://www.tate.co.uk,Basingstoke,Basingstoke RG21,37,3.5,,https://www.tate.co.uk/static/500error.html?c=500,https://uk.indeed.com/viewjob?jk=c934a4f21182386f&from=serp&vjs=3
"Night Replenishment, Supermarket Assistant",2021-04-01 14:47:24.544755,John Lewis Partnership,https://www.jlpjobs.com,Basingstoke,Petersfield GU32,"2,278",3.8,,https://www.jlpjobs.com/search-jobs/night-replenishment-supermarket-assistant-18182/?utm_source=Indeed&utm_medium=organic&utm_campaign=Indeed,https://uk.indeed.com/viewjob?jk=bdb5f2c476b0fbde&from=serp&vjs=3
Graduate Management Trainee - Omagh,2021-04-01 14:47:33.944571,Enterprise Rent-A-Car,https://careers.enterprise.co.uk,Omagh,Omagh,"4,297",3.6,,https://careers.enterprise.co.uk/job/-/-/24824/19116144?mode=job&iis=Indeed&iisn=Indeed.com,https://uk.indeed.com/viewjob?jk=64a17dc7a21509b5&from=serp&vjs=3
Assembly Operatives Ballygawley,2021-04-01 14:47:48.244383,Staffline Recruitment (NI),https://www.aplitrak.com,Omagh,Dungannon,Staffline,,,https://www.aplitrak.com/?adid=ai5tY2Nyb3J5LjA5NTk5LjQ3MDdAc3RhZmZsaW5laXJlbGFuZC5hcGxpdHJhay5jb20&utm_source=Indeed&utm_medium=cpc&utm_campaign=Indeed,https://uk.indeed.com/viewjob?jk=92ad1074431b2669&l=Omagh&from=web&advn=5557876768910670&adid=359779959&ad=-6NYlbfkN0A42WyCIpzGqWQMnIqpkQk9bfZ2pbOYGy81hu3C0nG3RYN35Ef9mFjiDkk5h0FPP-Da6iVt54Ozq_24lbi8-tHf-TmB7mqc63JS94VhTcx49pQS5nao50pQQqt6LqcdFMtayJub1QKeQCdp4-Le-V9ebAPVZIbrVczr7noTMUvp87pXeb8H7QGruDD71ZeAXFAESgq4fcY-dWwlANvilIr07IZpUXWdx22i9LWM1fDMWJIsVVC5sIoUWe2TEPUs-nSmND0kzemQNmVN1DQn-rlmbXxVDhutavLC4ulFUKWMY-9KXkS4yENx&sjdu=vUz3PJIdpGfygLQXVlxEDtrp31zrUKvX5DyE7UoHSnb3j8WptRQlThG7UpYQH8-fm5t593rkcJL3jvSPzg3vfd-rHAneRCoQzHGoxrhNO347u8qyFGSSoC-CFEIxleOmAbQ9T2vC_cAOYOEMQhSmvCGQtO8oD4RfdWV-O1W7ZP74wdUNG47IY4fdpQNXF97ow45JQX-_gzH0QrEDvswfTw&acatk=1f26d8r9sstlf800&pub=4a1b367933fd867b19b072952f68dceb&vjs=3
Warehouse Operatives Day Shift Ballygawley,2021-04-01 14:48:00.584693,Staffline Recruitment (NI),https://www.aplitrak.com,Omagh,Dungannon,Staffline,,,https://www.aplitrak.com/?adid=ai5tY2Nyb3J5LjEzNDg2LjQ3MDdAc3RhZmZsaW5laXJlbGFuZC5hcGxpdHJhay5jb20&utm_source=Indeed&utm_medium=cpc&utm_campaign=Indeed,https://uk.indeed.com/viewjob?jk=dc9c1a8100638fcb&l=Omagh&from=web&advn=5557876768910670&adid=359779959&ad=-6NYlbfkN0A42WyCIpzGqWQMnIqpkQk9bfZ2pbOYGy81hu3C0nG3RYN35Ef9mFjiDkk5h0FPP-Da6iVt54Ozq9Y2Yy0D6ISRk2Log6NJBOuaa3HRnQ_d8gi8mzq_DIRl-eHc-tEDCwmziS8LJlg694iIElvjRhZC-SpzG0vkuFeDXxiLRNIF3oA9-fnMiYGcqu02bHb2xIyOsWYZe5ACS431ZH3kKybsNSWDlF01NUzWMLpli7OX6rj0dEATGhI5QiDtLTQxbOEQuc1cTgyi7iQFg7bNt8ncahW0fPFEyWXs-iLzgyKfPAmvPdqzu46Q&sjdu=vUz3PJIdpGfygLQXVlxEDtrp31zrUKvX5DyE7UoHSnYJ4Y6c2c_gfEHhvJ-Ennu_1JOygLoR2tdMgn-11RRO-N-rHAneRCoQzHGoxrhNO347u8qyFGSSoC-CFEIxleOmAbQ9T2vC_cAOYOEMQhSmvCGQtO8oD4RfdWV-O1W7ZP74wdUNG47IY4fdpQNXF97ow45JQX-_gzH0QrEDvswfTw&acatk=1f26d8u2hsst4800&pub=4a1b367933fd867b19b072952f68dceb&vjs=3
Parts Advisor - Dungannon,2021-04-01 14:48:09.769193,Webrecruit,https://app.webrecruit.co,Omagh,Dungannon,9,2.8,,https://app.webrecruit.co/JobSeeker/JobDescription/G_e9JUxaIY7bz_7E2IukuorufG-U3xRZmsZV_lTLudY?mid=66,https://uk.indeed.com/viewjob?jk=2624e9f1b08680c1&tk=1f26d94m0stgj800&from=serp&vjs=3&advn=887082417495532&adid=360126860&ad=-6NYlbfkN0DD6rrA2AWItzi0Ph1g_aBOI5NLAUtnlCABAIyVifeaY8UESig0YbQ94rQvC31sMSWLYZZ3DZR9LpY_fjdVVODe8lGFwY-bI5wRiqLU-d5v-A4riJDoYwU2Xm0lYAfrtLs5Ypkcwose6oTkaz918wGup9GpnKfDMuGtUSpjUlGO-h7ioF1V9zEh5-Dp0aS6LzWKp8uOYY-WOAb048LuL7blGlbOSGNBBgEboTWnbQ6Lo9gbWhjrQtxzFyE7I7VwN-8cRiCL1b4mSnyWnJtdydzL4GRY0RiXfcs=&sjdu=l1FbfykkBFc4jg4ZRf9PHCE4NLKt5NKKP13WMjXSPn0_0SkxXXMuUK9054HSzAm249b0t_zqHFhPsoTmp_dYZjMbk_R6C-TwlTfZ90Uwr4Z-dJEoCGf445HoSngmPsn2qy6Wu45GF5q5X6hZQec2xQ
Amazon Delivery Service Partner Programme,2021-04-01 14:48:17.378297,Michael Page UK,https://www.michaelpage.co.uk,Omagh,Dungannon,335,3.5,,https://www.michaelpage.co.uk/job-detail/amazon-delivery-service-partner-programme/ref/jn-032021-2371031?utm_source=indeed&utm_medium=cpc&utm_campaign=mp_logistics,https://uk.indeed.com/viewjob?jk=4dd2dee43ad555be&tk=1f26d9ds5su5q800&from=serp&vjs=3&advn=774885413375828&adid=344181263&ad=-6NYlbfkN0Da9xVMNybXuHG7DPa_x9drl7LR9bOIf8ZNAOgqHjt-XjTE97j4lKmIyE1brTCUXPq5XxZQf8rFs_A2kiwf3nI2aADkfU1zjwnvG5rqLy_JzffZ69KSVcCG9RPXwMiVnOo6CKc1Ek_9FQcur4RaijLHJ0YtLH7rElfWIwdJPkCZx-rHu-SnD825YkD_nIobte1kmT5aUEKMcOoFAaXFBEs1CduSH5DOyKlE2vCPhy9TS48AGcB040ZJQJLQ965O-Kj-R98D6By5Z8ZL4FkDZHgoe8fCbBgJc-o=&sjdu=4Y28b5dfoFRawt9rvORiBCgFdVLgrrxSZKMT1vjoFkKwxoKXtKTUKfnbGzdCEYFoIdZzdHQVmNorKcXmVfO2JlTAPqH7ti-bDHT9zGk4iBYTzaWR_vcrN_hSMXVkHBWPfCCndej_mMRGSC6JLP4oiYFyxrCe_-zFS4xoFvLXH7e7TsW5KcASe9zcQ5iqK4kLoKqZtWdZOBu3LRANPwsOmq9fGdU2k1TTADPlWNTr87I
Teaching Assistant,2021-04-01 14:48:28.396563,Dunbar Education,https://dunbareducation.com,Omagh,United Kingdom,Dunbar,,,https://dunbareducation.com/vacancies/ref3103mata/?src=indeedpaid&utm_source=indeedpaid,https://uk.indeed.com/viewjob?jk=64b47c5208ee55c4&tk=1f26d9faissom800&from=serp&vjs=3&advn=4004269781723444&adid=359839599&ad=-6NYlbfkN0A-2WnRtCBbyGphZQEiGRj76hX2M-OuXAXSmxH7MKy48DtM4Y7-T4_cHKl35gccTy5yssWuFQhTpIKZseJE3zGjBCCUv6b5wm5K8t6ERx9TVoD-tjo4BOpQq79HjLHeLgClrUZMLIEQ7GbGuirFtkGX_EXt1Ju3q02yvqIXm3AWRcAFjmvr4flI8v_C57gNRACk5tnMQtyhv7tm54pY7c5MZ9bBMBvkinyzu_8IB-XGzSDTn0IklxUKINHj4Vw-IaiUyogO0XpwgEcRiHDjF-J2-oh0ebdFvPwFfqTc_nISqyJ4S-ZOpE16&sjdu=oKsY-7FF4-WnTRMB_d64OyKEaEk6JCUxjaKJONkPsRxRRlrK6-gmZOsG1FPLKlNIAqlcQrL7z6yoK5nMsjEM3PRSNTfF3YvjK93_dmogyhvOMTY7qrwWnLp2ut0xIRl5
F&B Assistant,2021-04-01 14:48:45.019461,Cairn Group,https://careers.cairnhotelgroup.com,Stirling,Stirling,Cairn,,,https://careers.cairnhotelgroup.com/job-details.aspx?jobid=60997&source=Indeed,https://uk.indeed.com/viewjob?jk=3e0b95da7d5e6773&from=serp&vjs=3
Weekend Sales Advisor,2021-04-01 14:49:06.613849,Wren,https://vacancies.wrencareers.com,Stirling,Stirling FK7,"1,569",4.1,,https://vacancies.wrencareers.com/registration.aspx,https://uk.indeed.com/viewjob?jk=a462982c021f0b3e&from=serp&vjs=3
Customer Team Member,2021-04-01 14:49:13.560596,Co-op Group,https://jobs.coop.co.uk,Stirling,Livingston EH54,"3,634",3.5,,https://jobs.coop.co.uk/job/-/-/22964/6286440000?src=JB-10072,https://uk.indeed.com/viewjob?jk=feed868f97d2cbd0&from=serp&vjs=3
Hotel Supervisor - Full Time - 32 hours per week,2021-04-01 14:49:29.285608,TravelodgeDotNet,https://www.travelodge.co.uk,Stirling,Stirling FK7,889,3.1,,https://www.travelodge.co.uk/careers/vacancies/35973/hotel-supervisor--full-time--32-hours-per-week.html?source=Indeed,https://uk.indeed.com/viewjob?jk=7d3f8a399194afe0&from=serp&vjs=3
Finance Assistant - 9 month Fixed Term Contract,2021-04-01 14:49:33.742368,M&G plc,https://mgpru.wd3.myworkdayjobs.com,Stirling,Remote,41,3.8,,https://mgpru.wd3.myworkdayjobs.com/en-US/mandgprudential/job/Stirling/Finance-Assistant---9-month-Fixed-Term-Contract_R04428?src=JB-10500,https://uk.indeed.com/viewjob?jk=05fc1b57803c99f2&from=serp&vjs=3
Admissions Assistant,2021-04-01 14:49:36.403857,University of Stirling,https://emea3.recruitmentplatform.com,Stirling,Stirling,35,3.8,,https://emea3.recruitmentplatform.com/tlk/pages/fo/advert/details.jsp?nPostingTargetId=2517&id=QUUFK026203F3VBQB7V79V7NE&LG=UK&languageSelect=UK&source=Indeed&sType=Indeed+Organic,https://uk.indeed.com/viewjob?jk=9832d94329dc4055&from=serp&vjs=3
Service Advisor,2021-04-01 14:49:47.823215,Scania,https://scaniacareers.co.uk,Stirling,Grangemouth,908,4.2,,https://scaniacareers.co.uk/jobs/job/service-advisor-01-4480/?source=indeed,https://uk.indeed.com/viewjob?jk=d85043e6cfb07844&from=serp&vjs=3
Barista - Falkirk,2021-04-01 14:49:53.819789,Caffè Nero,https://caffenero.com,Stirling,Falkirk FK1,545,3.3,,https://caffenero.com/uk/careers/jobs/caffenero19122/,https://uk.indeed.com/viewjob?jk=e74cf69e5ed551b8&from=serp&vjs=3
Horticulture Apprenticeships – Burnley and Surrounding Areas,2021-04-01 14:49:56.220135,the calico group,https://calicojobs.co.uk,Nelson,Burnley,18,3.4,,https://calicojobs.co.uk/vacancies/horticulture-apprenticeships-burnley-and-surrounding-areas/,https://uk.indeed.com/viewjob?jk=6ec3afe06b581b02&from=serp&vjs=3
COVID 19 Tester,2021-04-01 14:49:59.632606,Boots,https://www.boots.jobs,Stirling,Cumbernauld,"3,878",3.6,,https://www.boots.jobs/jobs/138444br-covid-19-tester-lanarkshire-cumbernauld/?c=1&Indeed,https://uk.indeed.com/viewjob?jk=6f11c18f9eef7ac3&from=serp&vjs=3
Assistant Investigator,2021-04-01 14:50:04.271780,Civil Service,https://www.civilservicejobs.service.gov.uk,Stirling,Glasgow,22,3.5,,https://www.civilservicejobs.service.gov.uk/csr/index.cgi?SID=b3duZXI9NTA3MDAwMCZvd25lcnR5cGU9ZmFpciZjc291cmNlPWNzcXNlYXJjaCZwYWdlY2xhc3M9Sm9icyZqb2JsaXN0X3ZpZXdfdmFjPTE3MTQ2ODgmdXNlcnNlYXJjaGNvbnRleHQ9MTI0MzkwNjE5JnBhZ2VhY3Rpb249dmlld3ZhY2J5am9ibGlzdCZzZWFyY2hfc2xpY2VfY3VycmVudD05JnJlcXNpZz0xNjE3MjU2ODM3LWFjODU0ZDU5M2RiNDYwOGE4MDVkN2I1ZDI2MWQyY2VkNjMwZmQ3ZTM=&utm_source=Indeed&utm_medium=organic&utm_campaign=Indeed,https://uk.indeed.com/viewjob?jk=0205b3da9d3cf8be&from=serp&vjs=3
Subway Team Member,2021-04-01 14:50:32.592191,Euro Garages,https://career2.successfactors.eu,Stirling,Stirling FK7,425,2.1,,https://career2.successfactors.eu/career?career_ns=job_listing&company=eurogarage&navBarLevel=JOB_SEARCH&rcm_site_locale=en_GB&career_job_req_id=33431&selected_lang=en_GB&utm_source=Indeed&utm_medium=organic&utm_campaign=Indeed,https://uk.indeed.com/viewjob?jk=89819ce61f54ac7d&from=serp&vjs=3
Team Member Stirling,2021-04-01 14:50:39.436999,SSP,https://www.sspcareers.com,Stirling,Stirling,638,3,,https://www.sspcareers.com/uk/job-search/details.html?nPostingTargetId=312270&id=Q8CFK026203F3VBQB8MV468MO&LG=UK&languageSelect=UK&source=Indeed&sType=Indeed+Organic&sType=Indeed,https://uk.indeed.com/viewjob?jk=d790978a5ff2e0db&from=serp&vjs=3
Team Member - Hotels - 25 hours per week,2021-04-01 14:50:48.715698,TravelodgeDotNet,https://www.travelodge.co.uk,Stirling,Stirling FK8,889,3.1,,https://www.travelodge.co.uk/careers/vacancies/35974/team-member--hotels--25-hours-per-week.html?source=Indeed,https://uk.indeed.com/viewjob?jk=d31cc3b58f8e005a&from=serp&vjs=3
Nandoca,2021-04-01 14:50:52.408760,Nandos,https://nandos.wd3.myworkdayjobs.com,Stirling,Stirling FK8,"2,593",4,,https://nandos.wd3.myworkdayjobs.com/en-US/Nandos/job/Nandos-Stirling---Stirling-FK8-1QZ/Nandoca_R0000003586-1,https://uk.indeed.com/viewjob?jk=002b3204c75b71c3&from=serp&vjs=3
Cleaner,2021-04-01 14:51:21.484305,O.C.S.,https://www.ocsjobs.co.uk//templates,Nelson,Burnley BB10,12,2.1,,https://www.ocsjobs.co.uk//templates/OCS_Security/jobdetail/84971.aspx/Jobs/Cleaner?utm_source=Indeed&utm_medium=organic&utm_campaign=Indeed,https://uk.indeed.com/viewjob?jk=1f82bb657311253f&from=serp&vjs=3
Retail Assistant,2021-04-01 14:51:31.401120,Primark,https://careers.Primark.com,Nelson,Manchester,Primark-UK-IE,,,https://careers.Primark.com/job/-/-/30423/19116473?utm_source=Indeed&utm_medium=organic&utm_campaign=Indeed,https://uk.indeed.com/viewjob?jk=bad14c37e369a9c5&from=serp&vjs=3
"Sales Assistant - Boundary Mill, Colne, Lancashire",2021-04-01 14:51:36.357257,Portmeirion Group,https://portmeiriongroup.livevacancies.co.uk,Nelson,Colne BB8,Portmeirion,,,https://portmeiriongroup.livevacancies.co.uk/#!/page/Retail/Sales-Assistant-Boundary-Mill-Colne-Lancashire-22.html?source=Indeed,https://uk.indeed.com/viewjob?jk=7c61f69497baf538&from=serp&vjs=3
Team Member Nights,2021-04-01 14:51:55.704161,Merkur Slots,https://merkurcasinouk.softgarden.io,Exeter,Exeter,Merkur,,,https://merkurcasinouk.softgarden.io/job/9561927?l=en,https://uk.indeed.com/viewjob?jk=b51bcbce389fc0c5&from=serp&vjs=3
Service Advisor,2021-04-01 14:52:01.771393,Lloyd Motor Group,https://app.vacancy-filler.co.uk,Nelson,Colne BB8,Lloyd,,,https://app.vacancy-filler.co.uk/salescrm/Careers/CareersPage.aspx?e=LMo8nnTwYNaf9w1u_dUK4GRvquYCVnbv3epmxZl9MMVhBandBGHHGezSJ6R5KUWrT2gcKiySwpmgxVf8bu6O8FvSeSpdViYq,https://uk.indeed.com/viewjob?jk=e3e3c763e74a1dc8&from=serp&vjs=3
Legacy Giving Officer,2021-04-01 14:52:30.547492,Alzheimer's Society,https://jobs.alzheimers.org.uk,Exeter,South West,132,3.8,,https://jobs.alzheimers.org.uk/e/careers/positions/d8zKzg-9zemjtFEeaT_8eT?utm_source=Indeed&utm_medium=organic&utm_campaign=Indeed,https://uk.indeed.com/viewjob?jk=91f2e8af7eede080&from=serp&vjs=3
Sales Advisor,2021-04-01 14:52:35.101129,New Look,https://apply.newlook.jobs,Exeter,Exeter EX1,"1,820",3.5,,https://apply.newlook.jobs/en/vacancies/30746/,https://uk.indeed.com/viewjob?jk=2d11318fdb5d9f58&from=serp&vjs=3
Wellbeing Consultant,2021-04-01 14:52:50.797759,University of Exeter,https://jobs.exeter.ac.uk,Exeter,Exeter,108,4.3,,https://jobs.exeter.ac.uk/hrpr_webrecruitment/wrd/run/ETREC107GF.open?VACANCY_ID%3d192160Vh9p%1B&WVID=3817591jNg&LANG=USA,https://uk.indeed.com/viewjob?jk=c957a3dd7ba1c1bc&from=serp&vjs=3
Customer Service Centre for TB Processes and Customer Advice,2021-04-01 14:53:01.977303,Civil Service,https://www.civilservicejobs.service.gov.uk,Exeter,Exeter,32,3.6,,https://www.civilservicejobs.service.gov.uk/csr/index.cgi?SID=b3duZXI9NTA3MDAwMCZ1c2Vyc2VhcmNoY29udGV4dD0xMjQzOTA1OTcmam9ibGlzdF92aWV3X3ZhYz0xNzE0NjQ3JmNzb3VyY2U9Y3Nxc2VhcmNoJnBhZ2VjbGFzcz1Kb2JzJnNlYXJjaF9zbGljZV9jdXJyZW50PTEwJnBhZ2VhY3Rpb249dmlld3ZhY2J5am9ibGlzdCZvd25lcnR5cGU9ZmFpciZyZXFzaWc9MTYxNzI1Njc3My1lM2M2M2Q5OGI2NzgzOGQ3ZGZjNzNmNDAyNDZhMGZmMDNlOGNiYTIw&utm_source=Indeed&utm_medium=organic&utm_campaign=Indeed,https://uk.indeed.com/viewjob?jk=7024cab64a4ed1ff&from=serp&vjs=3
Customer Team Member,2021-04-01 14:53:06.391826,Co-op Group,https://jobs.coop.co.uk,Exeter,Exeter EX4,"3,634",3.5,,https://jobs.coop.co.uk/job/-/-/22964/6274271520?src=JB-10072,https://uk.indeed.com/viewjob?jk=033cc9e1f48572a3&from=serp&vjs=3
ZARA EXETER PART TIME SALES ASSISTANTS FIXED TERM CONTRACTS,2021-04-01 14:53:10.979598,Inditex,https://www.inditexcareers.com,Exeter,Exeter,"6,127",3.8,,https://www.inditexcareers.com/portalweb/en/offer/-/view/GBZA00278619?utm_source=Indeed&utm_medium=organic&utm_campaign=Indeed,https://uk.indeed.com/viewjob?jk=8bf59a00619c4726&from=serp&vjs=3
Kitchen Crew,2021-04-01 14:53:20.625151,Tortilla,https://tortilla.ats.emea1.fourth.com,Oxford,Oxford OX1,28,3.3,,https://tortilla.ats.emea1.fourth.com/vacancies?id=960&cid=4,https://uk.indeed.com/viewjob?jk=ee2115667137dfe4&from=serp&vjs=3
Pickers And Packers,2021-04-01 14:53:23.621207,The Best Connection Employment Group,https://thebestconnection.co.uk,Exeter,Paignton TQ3,615,3.1,,https://thebestconnection.co.uk/jobs/pickers-and-packers/EX181303?guid=30207635-0368-4a98-a47e-587c1335fe41,https://uk.indeed.com/viewjob?jk=e068b21fedcf8702&tk=1f26ditp4stah804&from=serp&vjs=3&advn=7874348714734281&adid=317074736&ad=-6NYlbfkN0DJrOQoYw-K5ig2BFTdGBlk6zVl2vvheHeYRSE9sKC8bc2GbouUbIcXX3kkogqVzfZp0if0bxoJh_wxWYHiICZOA17FYfkZ1qCFebUecZzW6RIuNdB79d8TXyLUT_9FQkSaH5ZU4VXMNWKg-JCK710khS8dER7W_yJGZoCOwUF6TKkKFawxuqTcBIXMmc2kRqHgilthZn5c7-iayZLWqn_Keq3heAlWYzkWJHeQeCXyMn2ttaHZd7ErSFLRVkam26CRxQR-DeXWZQcb8vt3i_HpPdMgHlq22jHfUZi12uUcWYMa6pB-bscA&sjdu=pe_rZp4lDhU8YWf_uliM_V1Lp4LIRPP4y875c0X5qyMddO0W8RAX2iqHRtYulGQT7Jxq5RV05W6LUkAzuigy5cqkyUF1NE5NXmzPRfE8xNpD2D5BspWq6zaF1jt1H8zYEY-7cjA0hYg6GmVp530eXg
Restaurant Crew,2021-04-01 14:53:38.222996,Tortilla,https://tortilla.ats.emea1.fourth.com,Oxford,Oxford OX1,28,3.3,,https://tortilla.ats.emea1.fourth.com/vacancies?id=958&cid=4,https://uk.indeed.com/viewjob?jk=11d82971344a1df1&from=serp&vjs=3
Policy Officer,2021-04-01 14:53:46.040531,University of Oxford,https://my.corehr.com,Oxford,Oxford,University,,,https://my.corehr.com/pls/uoxrecruit/erq_jobspec_version_4.display_form?p_company=10&p_internal_external=E&p_display_in_irish=N&p_applicant_no=&p_recruitment_id=150050&p_process_type=&p_form_profile_detail=&p_display_apply_ind=Y&p_refresh_search=Y,https://uk.indeed.com/viewjob?jk=3a01a91a3aeca8d1&from=serp&vjs=3
"Night Replenishment, Supermarket Assistant",2021-04-01 14:53:49.459299,John Lewis Partnership,https://www.jlpjobs.com,Oxford,Witney OX28,"2,278",3.8,,https://www.jlpjobs.com/search-jobs/night-replenishment-supermarket-assistant-18144/?utm_source=Indeed&utm_medium=organic&utm_campaign=Indeed,https://uk.indeed.com/viewjob?jk=eee2159468b8887f&from=serp&vjs=3
Waiter/Waitress,2021-04-01 14:53:52.647192,Pizza Express,https://jobs.pizzaexpress.com,Oxford,Abingdon OX14,766,3.6,,https://jobs.pizzaexpress.com/search/23918?_referrer_=indeed&utm_source=Indeed&utm_medium=organic&utm_campaign=Indeed,https://uk.indeed.com/viewjob?jk=cfe1f9397d2ebc1a&from=serp&vjs=3
Cinema Host,2021-04-01 14:53:58.979839,ODEON,https://www.jobtrain.co.uk,Oxford,Oxford OX1,524,3.5,,https://www.jobtrain.co.uk/odeon5/displayjob.aspx?jobid=6294&source=JobtrainIndeed,https://uk.indeed.com/viewjob?jk=6ddd159d6e1d2c02&from=serp&vjs=3
Sales Assistant - 12 Week Temp,2021-04-01 14:54:09.512830,Dunelm,https://www.dunelmcareers.com,Oxford,Oxford,838,3,,https://www.dunelmcareers.com/vacancies/15738/sales-assistant--12-week-temp.html?Source=indeed,https://uk.indeed.com/viewjob?jk=4b1a977ecb5aac0c&from=serp&vjs=3
Barista/Coffee Shop Assistant - 12 Week Temp,2021-04-01 14:54:15.628769,Dunelm,https://www.dunelmcareers.com,Oxford,Oxford,838,3,,https://www.dunelmcareers.com/vacancies/15737/barista-coffee-shop-assistant--12-week-temp.html?Source=indeed,https://uk.indeed.com/viewjob?jk=8de763c8a7065bbc&from=serp&vjs=3
Customer Service Assistant,2021-04-01 14:54:19.888619,Coventry Building Society,https://www.coventrycareers.co.uk,Oxford,Oxford,64,3.9,,https://www.coventrycareers.co.uk/vacancies/4193/customer-service-assistant.html?Source=indeed,https://uk.indeed.com/viewjob?jk=cb9784fd71b228b4&from=serp&vjs=3
Back Of House Team Member,2021-04-01 14:54:42.027279,Nandos,https://nandos.wd3.myworkdayjobs.com,Oxford,Oxford OX4,"2,593",4,,https://nandos.wd3.myworkdayjobs.com/en-US/Nandos/job/Nandos-Oxford---Cowley-Road---Oxford-Oxfordshire-OX4-1JB/Back-Of-House-Team-Member_R0000003601,https://uk.indeed.com/viewjob?jk=69608dfe2dd9ee32&from=serp&vjs=3
Canal Project Officer (Environment),2021-04-01 14:54:45.241604,Royal Society of Wildlife Trusts,https://www.gloucestershirewildlifetrust.co.uk,Gloucester,Gloucester GL4,2,4,,https://www.gloucestershirewildlifetrust.co.uk/jobs/canal-project-officer-environment,https://uk.indeed.com/viewjob?jk=e9c6a43612ecb9a1&from=serp&vjs=3
Front of House Team Member,2021-04-01 14:54:48.522506,Nandos,https://nandos.wd3.myworkdayjobs.com,Oxford,Oxford OX4,"2,593",4,,https://nandos.wd3.myworkdayjobs.com/en-US/Nandos/job/Nandos-Oxford---Cowley-Road---Oxford-Oxfordshire-OX4-1JB/Front-of-House-Team-Member_R0000003600,https://uk.indeed.com/viewjob?jk=a3ede1af603cc9cc&from=serp&vjs=3
Retail Assistant,2021-04-01 14:54:51.478213,John Lewis Partnership,https://www.jlpjobs.com,Oxford,Oxford OX1,"2,017",4,,https://www.jlpjobs.com/search-jobs/retail-assistant-18059/?utm_source=Indeed&utm_medium=organic&utm_campaign=Indeed,https://uk.indeed.com/viewjob?jk=2969bd07f1c193a3&from=serp&vjs=3
Events Technical Support Executive,2021-04-01 14:54:55.002386,UCAS,https://ucas-career.talent-soft.com,Gloucester,Gloucestershire,26,3.6,,https://ucas-career.talent-soft.com/job/job-events-technical-support-executive_6.aspx?utm_source=Indeed&utm_medium=organic&utm_campaign=Indeed,https://uk.indeed.com/viewjob?jk=f47c57a7974e19b7&from=serp&vjs=3
Customer Experience Partner,2021-04-01 14:54:59.310526,UCAS,https://ucas-career.talent-soft.com,Gloucester,Gloucestershire,26,3.6,,https://ucas-career.talent-soft.com/job/job-customer-experience-partner_17.aspx?utm_source=Indeed&utm_medium=organic&utm_campaign=Indeed,https://uk.indeed.com/viewjob?jk=9559cd3c452579fa&from=serp&vjs=3
Nursing Assistant,2021-04-01 14:55:17.645363,NHS Jobs HSW,https://www.jobs.nhs.uk,Oxford,Oxford OX3,619,3.9,,https://www.jobs.nhs.uk/xi/vacancy/916452151,https://uk.indeed.com/viewjob?jk=7372583e6ed6dfdd&tk=1f26dm6oesst4800&from=serp&vjs=3&advn=1279906061364544&adid=364779365&ad=-6NYlbfkN0BCOifpVFyvwJzlpExiuO_00Gqx5IcW9wlc_ClV8DY-XyG9Pd-EkfNFNcM82JPfi9uVBU-Dskjk8SsC9O85Z4LhmE6NiQ3Hjqb3dHBm1MHCBcXpmpxo0gaTmUt7A3Mew3HyzfRFp-Kj9tYET4wUxck2-Uob_FMmOH3kPduEXPQteVVt8ZYTtpE5o8y0uFGk49OF_jepyVkT5PgjaHlO2qIYhhVbfHeWcRffg2Ifly7kF4e0O_CXTDZsQjg6xCEBYpFpfW770_jP3OMI5V6Z1RpTMRh8YEUNaEQty27Q_F6vqjm1dNlrHgt6TWv55f0DXO4=&sjdu=1TOD8xH__lyNNYnyGuYxcH4ZfD2tnw7eRC4LXHuDohCKkRXYDeWCnvq9oNKVMna4
AHP Educational Programme Administrator,2021-04-01 14:55:20.248869,Gloucestershire Hospitals NHS Foundation Trust,http://gloshospitals.healthjobsuk.com,Gloucester,Gloucester GL1,15,3.8,,http://gloshospitals.healthjobsuk.com/job/UK/Gloucestershire/Gloucester/Gloucestershire_Hospitals_NHS_Foundation_Trust/Nutrition_Dietetics/Nutrition_Dietetics-v3055511?ref=Indeed&set-locale=en-gb&_ts=1,https://uk.indeed.com/viewjob?jk=27b7000955504317&from=serp&vjs=3
Tutor,2021-04-01 14:55:24.194414,Explore Learning,https://explore.groupgti.com,Gloucester,Gloucester GL1,151,3.7,,https://explore.groupgti.com/tutor--gloucester3/3/viewdetails,https://uk.indeed.com/viewjob?jk=cc4ca17502bd9ac2&from=serp&vjs=3
Data Steward,2021-04-01 14:55:27.526291,UCAS,https://ucas-career.talent-soft.com,Gloucester,Gloucestershire,26,3.6,,https://ucas-career.talent-soft.com/job/job-data-steward_12.aspx?utm_source=Indeed&utm_medium=organic&utm_campaign=Indeed,https://uk.indeed.com/viewjob?jk=a50b672412898ecf&from=serp&vjs=3
Dementia Adviser,2021-04-01 14:55:39.753686,Alzheimer's Society,https://jobs.alzheimers.org.uk,Gloucester,Gloucester,132,3.8,,https://jobs.alzheimers.org.uk/e/careers/positions/azOVX_NrzcX6Sjxw-QYjeB?utm_source=Indeed&utm_medium=organic&utm_campaign=Indeed,https://uk.indeed.com/viewjob?jk=646d5cf59fa9b66f&from=serp&vjs=3
Barista - St Oswald's Retail Park - 5 hours minimum,2021-04-01 14:55:47.162606,Costa Coffee,https://costa.dayforcehcm.com,Gloucester,Gloucester GL1,"2,412",3.6,,https://costa.dayforcehcm.com/CandidatePortal/en-GB/costa/Posting/View/13524?source=indeed&aid=18009,https://uk.indeed.com/viewjob?jk=9a4ec915ae1de6a5&from=serp&vjs=3
Customer Assistant- Operations Cheltenham,2021-04-01 14:55:57.432936,Marks & Spencer,https://jobs.marksandspencer.com,Gloucester,Cheltenham,"6,561",3.9,,https://jobs.marksandspencer.com/job/cheltenham/customer-assistant-operations-cheltenham/1729/19117375?utm_source=Indeed&utm_medium=organic&utm_campaign=Indeed,https://uk.indeed.com/viewjob?jk=3e7341aee32cc704&from=serp&vjs=3
Fees & Credit Control Administrator,2021-04-01 14:56:10.061043,United Learning,https://www.networxrecruitment.com,Peterborough,Peterborough PE3,23,2.7,,https://www.networxrecruitment.com/Jobs/Feed?key=7uev2k31jrzvvfFjIbcYuKgAsZ%2bblxI8%2bKbIqVmAdmI%3d&utm_source=Indeed&utm_medium=organic&utm_campaign=Indeed,https://uk.indeed.com/viewjob?jk=b660370e4ec48b0c&from=serp&vjs=3
Sales Adviser/Retail Advisor,2021-04-01 14:56:20.487048,Yours Clothing Limited,https://www.networxrecruitment.com,Peterborough,Peterborough PE7,144,3.1,,https://www.networxrecruitment.com/Jobs/Feed?key=7uev2k31jrxRusjJnzsSy24k%2fXxuvUY6y0UZo8a14uY%3d,https://uk.indeed.com/viewjob?jk=0faad1591fb265be&from=serp&vjs=3
SPAR Store Supervisor,2021-04-01 14:56:22.723482,AF Blakemore,https://afblakemore.livevacancies.co.uk,Peterborough,Peterborough PE7,46,2.5,,https://afblakemore.livevacancies.co.uk/#!/page/Yaxley/SPAR-Store-Supervisor-1194.html?source=Indeed,https://uk.indeed.com/viewjob?jk=2b3e497ec22c0ae8&from=serp&vjs=3
Service Advisor - Volvo Peterborough,2021-04-01 14:56:25.748136,Marshall Motor Holdings,https://www.careers.marshall.co.uk,Peterborough,Peterborough PE1,Marshall,,,https://www.careers.marshall.co.uk/e/careers/positions/cerb41F2feh4813bJ1x9Ne?source=Indeed,https://uk.indeed.com/viewjob?jk=ed1de4b8f27b965c&from=serp&vjs=3
Head of Business,2021-04-01 14:56:30.130892,Vindis Group,https://vindisgroup.peoplehr.net,Peterborough,Peterborough,18,2.2,,https://vindisgroup.peoplehr.net/Pages/JobBoard/Opening.aspx?v=df717171-f0d3-44ab-b863-08a62f13fb93,https://uk.indeed.com/viewjob?jk=cbf8a50d9b22409f&from=serp&vjs=3
Business Support Administrator,2021-04-01 14:56:34.743322,Gloucestershire County Council,https://myjobs.gloucestershire.gov.uk,Gloucester,Temporarily remote,68,3.6,,https://myjobs.gloucestershire.gov.uk/pages/job_search_view.aspx?jobId=5028&JobIndex=2&categoryList=&minsal=0&maxsal=150000&workingPatternList=&services=&keywords=&PageIndex=1&Number=33&utm_source=Indeed&utm_medium=organic&utm_campaign=Indeed,https://uk.indeed.com/viewjob?jk=ab657c75eac2754f&from=serp&vjs=3
Mail Assistant,2021-04-01 14:56:37.387171,Webrecruit,https://app.webrecruit.co,Gloucester,Cheltenham,4,4.3,,https://app.webrecruit.co/JobSeeker/JobDescription/DyK_avq1rwwb8f1cF8ddD4rufG-U3xRZmsZV_lTLudY?mid=66,https://uk.indeed.com/viewjob?jk=f8a84ceb3341d3db&tk=1f26dorqvssom800&from=serp&vjs=3&advn=887082417495532&adid=360126860&ad=-6NYlbfkN0DD6rrA2AWItzi0Ph1g_aBOI5NLAUtnlCABAIyVifeaY8UESig0YbQ94rQvC31sMSVWynk8PrQp_6kziIrrJxP0I4H_cJT-Wx7cu2YFBQ2vPxmyig5XaosfEG-SfwgcQ4GvJHP45bZABPGQtEekVzP6KV0AFCIKORR9vXOuKgr-AV4Dx4Kf8EH0uIl5d380xtxownTgatVuNz0S5ctzLPoaXUS8s1Qssvva79p4yJeShaIy9BayT3En_j1tXUYK50O3UDUlOs5qPCAoclpq7-l_oeuiIEZLUp_11J9rbVXQqA==&sjdu=l1FbfykkBFc4jg4ZRf9PHCE4NLKt5NKKP13WMjXSPn0_0SkxXXMuUK9054HSzAm2xlsv9M4ear1DXsf9rSTqGs495cJl0WT78sFVUHRjCch-dJEoCGf445HoSngmPsn2qy6Wu45GF5q5X6hZQec2xQ
Healthcare Assistant - Band 3,2021-04-01 14:56:51.089735,NHS Jobs HSW,https://www.jobs.nhs.uk,Gloucester,Gloucester GL1,619,3.9,,https://www.jobs.nhs.uk/xi/vacancy/916442990,https://uk.indeed.com/viewjob?jk=159b9b4500361368&tk=1f26dotmest58800&from=serp&vjs=3&advn=1279906061364544&adid=364779365&ad=-6NYlbfkN0BCOifpVFyvwJzlpExiuO_00Gqx5IcW9wlc_ClV8DY-XyG9Pd-EkfNFNcM82JPfi9uVBU-Dskjk8emzAOkbBhGbu1VW-LmXl4f1pn8aTlo24oX3ewu6EoMlULCfYqBXkd52hgrGfm6SYMdDbz6Oo48zpoxJkQKc8a5W4CeUKLg7ea0TOR_0dskaDAXBOMkS7sNNsSI3kZOQ4co81LV_9iILKl-nCPFSeGiNHOHlHIKmSS7yQxG5F3QUx_gcSItdZuGIbgXDdig7hRf3WdnDh3ToZzqw9-n43OqKf9d1ilAXa-aApzhijG8S&sjdu=1TOD8xH__lyNNYnyGuYxcH4ZfD2tnw7eRC4LXHuDohBQcRGPiD-kTRgYb1TDBC_M
Bank Healthcare Assistant,2021-04-01 14:57:14.672496,NHS Jobs HSW,https://www.jobs.nhs.uk,Gloucester,Gloucester GL1,619,3.9,,https://www.jobs.nhs.uk/xi/direct_apply/?vac_ref=916453111,https://uk.indeed.com/viewjob?jk=f2396a6b789c47a9&tk=1f26dov46st62802&from=serp&vjs=3&advn=1279906061364544&adid=364779365&ad=-6NYlbfkN0BCOifpVFyvwJzlpExiuO_00Gqx5IcW9wlc_ClV8DY-XyG9Pd-EkfNFNcM82JPfi9uVBU-Dskjk8Sh7O5bmodbXsarMOD-GlBEG-J5GHn7fWPUzPn_XvKsL-jA0zAuZLi6oO0BQKZggeGpSLQckNBtD0lDOGjqw9HTsRSgYz7b2YOzVd2QxGffq60GcLJYzbqc4fMpqwX4g6-TLAyq25x3Gv5JrgOXm1cb_mB2Ixq4gaLaucynYA95p5AbPWsS6EZc6vYXTOgVodHqOr-4RJ5TT614W5DT0yJRqPNkACQ0aX5PaKrzZnvhA2JuMBfbtSZI=&sjdu=1TOD8xH__lyNNYnyGuYxcH4ZfD2tnw7eRC4LXHuDohA82shu5Y0FTLayxQsdlSs9
Sales Associate - Ernest Jones - Permanent - Part Time (Up to 12 Hrs),2021-04-01 14:57:20.657282,Signet,https://www.signetjobs.co.uk,Peterborough,Peterborough PE1,130,3.5,,https://www.signetjobs.co.uk/search/7189?_referrer_=indeed,https://uk.indeed.com/viewjob?jk=4b2f343ac246986b&from=serp&vjs=3
Children’s Social Care Practitioner,2021-04-01 14:57:25.833040,Peterborough City Council,https://jobs.peterborough.gov.uk,Peterborough,Peterborough,43,3.9,,https://jobs.peterborough.gov.uk/job/Children_s_Social_Care_Practitioner/104196?utm_source=Indeed&utm_medium=organic&utm_campaign=Indeed,https://uk.indeed.com/viewjob?jk=f9360b01a1ca918e&from=serp&vjs=3
Service Advisor,2021-04-01 14:57:33.472197,Marshall Motor Group,https://www.careers.marshall.co.uk,Peterborough,Peterborough,102,3.3,,https://www.careers.marshall.co.uk/e/careers/positions/cerb41F2feh4813bJ1x9Ne,https://uk.indeed.com/viewjob?jk=cf234c91318d55cd&from=serp&vjs=3
Customer Service Assistant L1,2021-04-01 14:57:51.902999,Wilkinson Hardware Stores,https://www.networxrecruitment.com,Peterborough,Park,"1,637",3.5,,https://www.networxrecruitment.com/Jobs/Advert/2146022?FromSearch=False,https://uk.indeed.com/viewjob?jk=74e1a3813a676918&from=serp&vjs=3
Band 4 Team Administrator - The Barberry,2021-04-01 14:58:05.712390,Birmingham and Solihull Mental Health NHS Foundation Trust,http://jobs.bsmhft.nhs.uk,Birmingham,Birmingham B15,36,3.4,,http://jobs.bsmhft.nhs.uk/job/UK/Birmingham_Black_Country/Birmingham/Birmingham_Solihull_Mental_Health_NHS_Foundation_Trust/Administration/Administration-v3024427?ref=Indeed&set-locale=en-gb&_ts=1,https://uk.indeed.com/viewjob?jk=15a0a435e7b02d5e&from=serp&vjs=3
Income Advisor,2021-04-01 14:58:11.891482,Citizen,https://www.networxrecruitment.com,Birmingham,Birmingham B15,6,2.7,,https://www.networxrecruitment.com/Jobs/Feed?key=7uev2k31jrzXBFXcanOmlhMvWXaf4bJoyUq1dVBE1x8%3d,https://uk.indeed.com/viewjob?jk=e5fb01c80328351b&from=serp&vjs=3
HR Adviser 2021/09,2021-04-01 14:58:20.544394,Civil Service,https://www.civilservicejobs.service.gov.uk,Peterborough,Peterborough PE1,UK,,,https://www.civilservicejobs.service.gov.uk/csr/index.cgi?SID=am9ibGlzdF92aWV3X3ZhYz0xNzE0Nzk4Jm93bmVydHlwZT1mYWlyJmNzb3VyY2U9Y3Nxc2VhcmNoJnVzZXJzZWFyY2hjb250ZXh0PTEyNDM5MDYxOSZvd25lcj01MDcwMDAwJnBhZ2VhY3Rpb249dmlld3ZhY2J5am9ibGlzdCZzZWFyY2hfc2xpY2VfY3VycmVudD0xMCZwYWdlY2xhc3M9Sm9icyZyZXFzaWc9MTYxNzI1Njg0Mi04ZTVlYjg2M2MxZDgxZjFhZDc1OTg2YTQzZTkyY2ZlOTU2OWNlMTVj&utm_source=Indeed&utm_medium=organic&utm_campaign=Indeed,https://uk.indeed.com/viewjob?jk=3ef5bcd7d1f2745e&from=serp&vjs=3
COVID 19 Tester,2021-04-01 14:58:24.346347,Boots,https://www.boots.jobs,Peterborough,Park,"3,878",3.6,,https://www.boots.jobs/jobs/138443br-covid-19-tester-cannon-park-car-park-middlesbrough/?c=1&Indeed,https://uk.indeed.com/viewjob?jk=204bda718d3ac9f2&from=serp&vjs=3
Healthcare Assistant,2021-04-01 14:58:41.953493,NHS Jobs HSW,https://www.jobs.nhs.uk,Peterborough,Peterborough PE1,619,3.9,,https://www.jobs.nhs.uk/xi/vacancy/916455183,https://uk.indeed.com/viewjob?jk=f51f7f7284a034c0&tk=1f26ds9ca3jnq000&from=serp&vjs=3&advn=1279906061364544&adid=364779479&ad=-6NYlbfkN0BCOifpVFyvwJzlpExiuO_00Gqx5IcW9wlc_ClV8DY-XyG9Pd-EkfNF7-T5FESLho2gKDh2hYAxjf6iPUfq8Bdn_9g2VWf8ylushZEc22rJzo0fDRDQOnMt3fXxV-t_bMdx1uH-9xWHWU0aRRcDWZ0QgEadQPh4PGgVOTYVQ7xMWjOrnQgxL3JWvumixf0L3j7q-rKn7syV-mi2omggorIh3Va23u48fWpjzQV_lGBzWKMrOAfGJVVkAnvYJHx_1ReQlm1k_CMkszM04AHJQs8mLGvd6JuQAsjo_qY9TKRSxujE-zGF2G2S9LxF-sLFS2s=&sjdu=1TOD8xH__lyNNYnyGuYxcH4ZfD2tnw7eRC4LXHuDohCRFxTg6Tojha8YoHbDaYC4
Team Member,2021-04-01 14:58:45.740275,Greggs,https://www.greggsfamily.co.uk,Birmingham,Birmingham B33,"1,767",3.5,,https://www.greggsfamily.co.uk/job/Birmingham-Team-Member-B33-9LZ/663249801/?jobPipeline=Indeed,https://uk.indeed.com/viewjob?jk=825265a2cff1c906&from=serp&vjs=3
Events Administrator,2021-04-01 14:58:54.008934,Serco Group,https://careers.serco.com,Birmingham,Birmingham,"4,146",3.5,,https://careers.serco.com/UK/job/Birmingham/727552602/?feedId=319202&utm_source=Indeed&utm_campaign=Serco_Indeed&jobPipeline=Indeed,https://uk.indeed.com/viewjob?jk=89b3a3d284b3ec84&from=serp&vjs=3
Sales Consultant – Temporary,2021-04-01 14:58:58.463072,Next PLC,https://careers.next.co.uk,Birmingham,Birmingham,"3,871",3.4,,https://careers.next.co.uk/vacancies?utm_source=Indeed&utm_medium=organic&utm_campaign=Indeed#/Item?id=554940&utm_campaign=Feed&utm_source=Indeed&utm_medium=referral,https://uk.indeed.com/viewjob?jk=cd757f287ecc64e9&from=serp&vjs=3
HR Assistant,2021-04-01 14:59:03.084973,Advanced,https://recruit.hirebridge.com,Birmingham,Birmingham B4,81,3.4,,https://recruit.hirebridge.com/v3/Jobs/JobDetails.aspx?jid=543940&cid=7574&locvalue=1017&source=Indeed.com,https://uk.indeed.com/viewjob?jk=c83cb9335b58c35d&from=serp&vjs=3
Hospitality Customer Assistant,2021-04-01 14:59:08.084570,Marks & Spencer,https://jobs.marksandspencer.com,Birmingham,Solihull,"6,561",3.9,,https://jobs.marksandspencer.com/job/solihull/hospitality-customer-assistant-the-sears-solihull-32-hours/1729/19118575?utm_source=Indeed&utm_medium=organic&utm_campaign=Indeed,https://uk.indeed.com/viewjob?jk=498705cba1a881d7&from=serp&vjs=3
COVID 19 Tester,2021-04-01 14:59:15.173433,Boots,https://www.boots.jobs,Birmingham,Birmingham / Airport,"3,878",3.6,,https://www.boots.jobs/jobs/138439br-covid-19-tester-birmingham-airport/?c=1&Indeed,https://uk.indeed.com/viewjob?jk=3fec6780d49c379f&from=serp&vjs=3
Jasper Content Administrator,2021-04-01 14:59:19.886256,Serco Group,https://careers.serco.com,Birmingham,Birmingham,"4,146",3.5,,https://careers.serco.com/UK/job/Birmingham/727565302/?feedId=319202&utm_source=Indeed&utm_campaign=Serco_Indeed&jobPipeline=Indeed,https://uk.indeed.com/viewjob?jk=211dc8c89eb61ab0&from=serp&vjs=3
Call Centre Operator,2021-04-01 14:59:22.764170,South and City College Birmingham,https://ce0104li.webitrent.com,Birmingham,Birmingham B5,27,4.2,,https://ce0104li.webitrent.com/ce0104li_webrecruitment/wrd/run/ETREC107GF.open?VACANCY_ID=2138234IFv&WVID=06124806hL&LANG=USA,https://uk.indeed.com/viewjob?jk=49ef9bc23c708a4d&from=serp&vjs=3
